{
	"credit": "Made with Blockbench",
	"textures": {
		"0": "necro:item/necronomicon",
		"particle": "necro:item/necronomicon"
	},
	"elements": [
		{
			"from": [4, 2, 7],
			"to": [12, 14, 9],
			"rotation": {"angle": 0, "axis": "y", "origin": [8, 8, 8]},
			"faces": {
				"north": {"uv": [0, 0, 8, 12], "texture": "#0"},
				"east": {"uv": [0, 12, 12, 14], "rotation": 90, "texture": "#0"},
				"south": {"uv": [8, 0, 16, 12], "texture": "#0"},
				"west": {"uv": [0, 14, 12, 16], "rotation": 90, "texture": "#0"},
				"up": {"uv": [4, 14, 12, 12], "texture": "#0"},
				"down": {"uv": [4, 14, 12, 12], "texture": "#0"}
			}
		}
	],
	"display": {
		"thirdperson_righthand": {
			"translation": [0, 3, 1],
			"scale": [0.55, 0.55, 0.55]
		},
		"thirdperson_lefthand": {
			"translation": [0, 3, 1],
			"scale": [0.55, 0.55, 0.55]
		},
		"firstperson_righthand": {
			"rotation": [0, -90, 25],
			"translation": [1.13, 3.2, 1.13],
			"scale": [0.68, 0.68, 0.68]
		},
		"firstperson_lefthand": {
			"rotation": [0, -90, 25],
			"translation": [1.13, 3.2, 1.13],
			"scale": [0.68, 0.68, 0.68]
		},
		"ground": {
			"translation": [0, 2, 0],
			"scale": [0.5, 0.5, 0.5]
		},
		"gui": {
			"rotation": [-45, 0, -45]
		},
		"head": {
			"rotation": [0, 180, 0],
			"translation": [0, 13, 7]
		},
		"fixed": {
			"rotation": [0, 180, 0]
		}
	}
}