{
  "variants": {
    "type=bottom": {
      "model": "minecraft:block/birch_slab"
    },
    "type=double,waterlogged=false": {
      "model": "minecraft:block/birch_planks"
    },
    "type=top": {
      "model": "minecraft:block/birch_slab_top"
    },
    "type=double,waterlogged=true": [
    {
      "model": "backroom:block/wall",
      "weight": 1
    },
    {
      "model": "backroom:block/wall_2",
      "weight": 1
    },
    {
      "model": "backroom:block/wall_3",
      "weight": 1
    }
  ]
  }
}