{
  "variants": {
    "type=bottom": {
      "model": "minecraft:block/jungle_slab"
    },
    "type=double,waterlogged=false": {
      "model": "minecraft:block/jungle_planks"
    },
    "type=top": {
      "model": "minecraft:block/jungle_slab_top"
    },
    "type=double,waterlogged=true": [
    {
      "model": "backroom:block/wall_detail",
      "weight": 1
    },
    {
      "model": "backroom:block/wall_detail_2",
      "weight": 1
    },
    {
      "model": "backroom:block/wall_detail_3",
      "weight": 1
    },
    {
      "model": "backroom:block/wall_detail_4",
      "weight": 1
    },
    {
      "model": "backroom:block/wall_detail_5",
      "weight": 1
    }
  ]
  }
}