    {
        "providers": [
            {
                "type": "space",
                "advances": {
                    " ": 4,
                    "‌": 0
                }
            },
            {
                "type": "bitmap",
                "file": "minecraft:font/ascii.png",
                "ascent": 7,
                "height": 8,
                "chars": [
                    "\u0000\u0000\u0000\u0000\u0000\u0000\u0000\u0000\u0000\u0000\u0000\u0000\u0000\u0000\u0000\u0000",
                    "\u0000\u0000\u0000\u0000\u0000\u0000\u0000\u0000\u0000\u0000\u0000\u0000\u0000\u0000\u0000\u0000",
                    " !\"#$%&'()*+,-./",
                    "0123456789:;<=>?",
                    "@ABCDEFGHIJKLMNO",
                    "PQRSTUVWXYZ[\\]^_",
                    "`abcdefghijklmno",
                    "pqrstuvwxyz{|}~\u0000",
                    "\u0000\u0000\u0000\u0000\u0000\u0000\u0000\u0000\u0000\u0000\u0000\u0000\u0000\u0000\u0000\u0000",
                    "\u0000\u0000\u0000\u0000\u0000\u0000\u0000\u0000\u0000\u0000\u0000\u0000£\u0000\u0000ƒ",
                    "\u0000\u0000\u0000\u0000\u0000\u0000ªº\u0000\u0000¬\u0000\u0000\u0000«»",
                    "░▒▓│┤╡╢╖╕╣║╗╝╜╛┐",
                    "└┴┬├─┼╞╟╚╔╩╦╠═╬╧",
                    "╨╤╥╙╘╒╓╫╪┘┌█▄▌▐▀",
                    "\u0000\u0000\u0000\u0000\u0000\u0000\u0000\u0000\u0000\u0000\u0000\u0000\u0000∅∈\u0000",
                    "≡±≥≤⌠⌡÷≈°∙\u0000√ⁿ²■\u0000"
                ]
            },
            {
                "ascent": 8,
                "chars": [
                    "\uBB01"
                ],
                "file": "watching:font/watching_ui/logo.png",
                "height": 17,
                "type": "bitmap"
            },
            {
                "ascent": -32768,
                "chars": [
                    "\uBC01"
                ],
                "file": "watching:font/watching_ui/pixel_nosplit.png",
                "height": -12,
                "type": "bitmap"
            },
            {
                "ascent": -32768,
                "chars": [
                    "\uBC02"
                ],
                "file": "watching:font/watching_ui/pixel_nosplit.png",
                "height": -3,
                "type": "bitmap"
            },
            {
                "ascent": 8,
                "chars": [
                    "\uBC00"
                ],
                "file": "watching:font/watching_ui/icons/skins/selected.png",
                "height": 10,
                "type": "bitmap"
            },
            {
                "ascent": 8,
                "chars": [
                    "\uBC03"
                ],
                "file": "watching:font/watching_ui/icons/skins/deselected.png",
                "height": 10,
                "type": "bitmap"
            },
            {
                "ascent": 40,
                "chars": [
                    "\uBC04"
                ],
                "file": "watching:font/watching_ui/crash_screen.png",
                "height": 200,
                "type": "bitmap"
            },
            {
                "ascent": 7,
                "chars": [
                    "\uBB02"
                ],
                "file": "watching:font/watching_ui/icons/skins/default.png",
                "height": 8,
                "type": "bitmap"
            },
            {
                "ascent": 7,
                "chars": [
                    "\uBB03"
                ],
                "file": "watching:font/watching_ui/icons/skins/classic.png",
                "height": 8,
                "type": "bitmap"
            },
            {
                "ascent": 7,
                "chars": [
                    "\uBB04"
                ],
                "file": "watching:font/watching_ui/icons/skins/black_eyed.png",
                "height": 8,
                "type": "bitmap"
            },
            {
                "ascent": 7,
                "chars": [
                    "\uBB05"
                ],
                "file": "watching:font/watching_ui/icons/skins/entity_303.png",
                "height": 8,
                "type": "bitmap"
            },
            {
                "ascent": 7,
                "chars": [
                    "\uBB06"
                ],
                "file": "watching:font/watching_ui/icons/skins/glitch.png",
                "height": 8,
                "type": "bitmap"
            },
            {
                "ascent": 7,
                "chars": [
                    "\uBB07"
                ],
                "file": "watching:font/watching_ui/icons/skins/null.png",
                "height": 8,
                "type": "bitmap"
            },
            {
                "ascent": 7,
                "chars": [
                    "\uBB08"
                ],
                "file": "watching:font/watching_ui/icons/skins/lunar_eclipse.png",
                "height": 8,
                "type": "bitmap"
            },
            {
                "ascent": 7,
                "chars": [
                    "\uBB09"
                ],
                "file": "watching:font/watching_ui/icons/skins/apparition.png",
                "height": 8,
                "type": "bitmap"
            },
            {
                "ascent": 7,
                "chars": [
                    "\uBB10"
                ],
                "file": "watching:font/watching_ui/icons/skins/zombie.png",
                "height": 8,
                "type": "bitmap"
            },
            {
                "ascent": 7,
                "chars": [
                    "\uBB11"
                ],
                "file": "watching:font/watching_ui/icons/skins/nullified.png",
                "height": 8,
                "type": "bitmap"
            },
            {
                "ascent": 7,
                "chars": [
                    "\uBB12"
                ],
                "file": "watching:font/watching_ui/icons/skins/custom/1.png",
                "height": 8,
                "type": "bitmap"
            },
            {
                "ascent": 7,
                "chars": [
                    "\uBB13"
                ],
                "file": "watching:font/watching_ui/icons/skins/faceless.png",
                "height": 8,
                "type": "bitmap"
            },
            {
                "ascent": 7,
                "chars": [
                    "\uBB14"
                ],
                "file": "watching:font/watching_ui/icons/skins/custom/2.png",
                "height": 8,
                "type": "bitmap"
            },
            {
                "ascent": 7,
                "chars": [
                    "\uBB15"
                ],
                "file": "watching:font/watching_ui/icons/skins/custom/3.png",
                "height": 8,
                "type": "bitmap"
            },
            {
                "ascent": 7,
                "chars": [
                    "\uBB16"
                ],
                "file": "watching:font/watching_ui/icons/skins/custom/4.png",
                "height": 8,
                "type": "bitmap"
            },
            {
                "ascent": 7,
                "chars": [
                    "\uBB17"
                ],
                "file": "watching:font/watching_ui/icons/skins/custom/5.png",
                "height": 8,
                "type": "bitmap"
            },
            {
                "ascent": 7,
                "chars": [
                    "\uBB18"
                ],
                "file": "watching:font/watching_ui/icons/skins/distorted.png",
                "height": 8,
                "type": "bitmap"
            },
            {
                "ascent": 7,
                "chars": [
                    "\uBB19"
                ],
                "file": "watching:font/watching_ui/icons/skins/alex.png",
                "height": 8,
                "type": "bitmap"
            },
            {
                "ascent": 7,
                "chars": [
                    "\uBB20"
                ],
                "file": "watching:font/watching_ui/icons/skins/lick.png",
                "height": 8,
                "type": "bitmap"
            },
            {
                "ascent": 7,
                "chars": [
                    "\uBB21"
                ],
                "file": "watching:font/watching_ui/icons/skins/fallen_kingdom.png",
                "height": 8,
                "type": "bitmap"
            },
            {
                "ascent": 7,
                "chars": [
                    "\uBB22"
                ],
                "file": "watching:font/watching_ui/icons/skins/sculk_infested.png",
                "height": 8,
                "type": "bitmap"
            },
            {
                "ascent": 7,
                "chars": [
                    "\uBB23"
                ],
                "file": "watching:font/watching_ui/icons/skins/netherbrine.png",
                "height": 8,
                "type": "bitmap"
            },
            {
                "ascent": 7,
                "chars": [
                    "\uBB24"
                ],
                "file": "watching:font/watching_ui/icons/skins/farlander.png",
                "height": 8,
                "type": "bitmap"
            },
            {
                "ascent": 7,
                "chars": [
                    "\uBB25"
                ],
                "file": "watching:font/watching_ui/icons/skins/the_headless.png",
                "height": 8,
                "type": "bitmap"
            },
            {
                "ascent": 7,
                "chars": [
                    "\uBB26"
                ],
                "file": "watching:font/watching_ui/icons/skins/lumbering_jack.png",
                "height": 8,
                "type": "bitmap"
            },
            {
                "ascent": 7,
                "chars": [
                    "\uBB27"
                ],
                "file": "watching:font/watching_ui/icons/skins/smile.png",
                "height": 8,
                "type": "bitmap"
            },
            {
                "ascent": 7,
                "chars": [
                    "\uBB28"
                ],
                "file": "watching:font/watching_ui/icons/skins/grimreaper.png",
                "height": 8,
                "type": "bitmap"
            },
            {
                "ascent": 7,
                "chars": [
                    "\uBB29"
                ],
                "file": "watching:font/watching_ui/icons/skins/white_eyes_classic.png",
                "height": 8,
                "type": "bitmap"
            },
            {
                "ascent": 7,
                "chars": [
                    "\uBB30"
                ],
                "file": "watching:font/watching_ui/icons/skins/white_pumpkin.png",
                "height": 8,
                "type": "bitmap"
            },

            {
                "ascent": 8,
                "chars": [
                    "\uBC26"
                ],
                "file": "watching:font/watching_ui/icons/skins/randomize.png",
                "height": 8,
                "type": "bitmap"
            },
            {
                "ascent": 9,
                "chars": [
                    "\uBC27"
                ],
                "file": "watching:font/watching_ui/icons/config/switch/switch_off.png",
                "height": 12,
                "type": "bitmap"
            },
            {
                "ascent": 9,
                "chars": [
                    "\uBC28"
                ],
                "file": "watching:font/watching_ui/icons/config/switch/switch_on.png",
                "height": 12,
                "type": "bitmap"
            },
            {
                "ascent": 9,
                "chars": [
                    "\uBC29"
                ],
                "file": "watching:font/watching_ui/icons/config/slider/beginning.png",
                "height": 12,
                "type": "bitmap"
            },
            {
                "ascent": 9,
                "chars": [
                    "\uBC30"
                ],
                "file": "watching:font/watching_ui/icons/config/slider/end.png",
                "height": 12,
                "type": "bitmap"
            },
            {
                "ascent": 9,
                "chars": [
                    "\uBC31"
                ],
                "file": "watching:font/watching_ui/icons/config/slider/middle.png",
                "height": 12,
                "type": "bitmap"
            },
            {
                "ascent": 9,
                "chars": [
                    "\uBC32"
                ],
                "file": "watching:font/watching_ui/icons/config/slider/slider.png",
                "height": 12,
                "type": "bitmap"
            },
            {
                "ascent": -32768,
                "chars": [
                    "\uBC33"
                ],
                "file": "watching:font/watching_ui/pixel_nosplit.png",
                "height": -4,
                "type": "bitmap"
            },
            {
                "ascent": 9,
                "chars": [
                    "\uBC34"
                ],
                "file": "watching:font/watching_ui/icons/config/slider/beginning_slider.png",
                "height": 12,
                "type": "bitmap"
            },
            {
                "ascent": 9,
                "chars": [
                    "\uBC35"
                ],
                "file": "watching:font/watching_ui/icons/config/slider/end_slider.png",
                "height": 12,
                "type": "bitmap"
            },
            {
                "ascent": 11,
                "chars": [
                    "\uBC36"
                ],
                "file": "watching:font/watching_ui/icons/config/skin_library.png",
                "height": 15,
                "type": "bitmap"
            },
            {
                "ascent": 9,
                "chars": [
                    "\uBC37",
                    "\uBC38"
                ],
                "file": "watching:font/watching_ui/icons/config/counter/counter_on.png",
                "height": 12,
                "type": "bitmap"
            },
            {
                "ascent": 9,
                "chars": [
                    "\uBC39",
                    "\uBC40"
                ],
                "file": "watching:font/watching_ui/icons/config/counter/counter_off.png",
                "height": 12,
                "type": "bitmap"
            },
            {
                "ascent": 9,
                "chars": [
                    "\uBC41"
                ],
                "file": "watching:font/watching_ui/icons/config/counter/counter_bg.png",
                "height": 12,
                "type": "bitmap"
            },
            {
                "ascent": 9,
                "chars": [
                    "\uBC42"
                ],
                "file": "watching:font/watching_ui/icons/config/switch/auto_switch_on.png",
                "height": 12,
                "type": "bitmap"
            },
            {
                "ascent": 9,
                "chars": [
                    "\uBC43"
                ],
                "file": "watching:font/watching_ui/icons/config/switch/auto_switch_off.png",
                "height": 12,
                "type": "bitmap"
            },
            {
                "ascent": -32768,
                "chars": [
                    "\uBC44"
                ],
                "file": "watching:font/watching_ui/pixel_nosplit.png",
                "height": -42,
                "type": "bitmap"
            }
        ]
    }