{
	"credit": "Made with Blockbench",
	"texture_size": [32, 32],
	"textures": {
		"2": "./model/hecate"
	},
	"elements": [
		{
			"name": "stock",
			"from": [28, 0, 6.5],
			"to": [32, 6, 9.5],
			"rotation": {"angle": 0, "axis": "y", "origin": [31.5, 2.5, 8]},
			"faces": {
				"north": {"uv": [0, 0, 2, 3], "texture": "#2"},
				"east": {"uv": [0, 7, 1.5, 10], "texture": "#2"},
				"south": {"uv": [2, 0, 4, 3], "texture": "#2"},
				"west": {"uv": [1.5, 7, 3, 10], "texture": "#2"},
				"up": {"uv": [9, 9, 7, 7.5], "texture": "#2"},
				"down": {"uv": [10, 0, 8, 1.5], "texture": "#2"}
			}
		},
		{
			"name": "stock",
			"from": [21, 3, 7.5],
			"to": [28, 6, 8.5],
			"rotation": {"angle": 0, "axis": "y", "origin": [31.5, 2.5, 8]},
			"faces": {
				"north": {"uv": [0, 5.5, 3.5, 7], "texture": "#2"},
				"south": {"uv": [3.5, 5.5, 7, 7], "texture": "#2"},
				"west": {"uv": [2.5, 14, 3, 15.5], "texture": "#2"},
				"up": {"uv": [15, 1.5, 11.5, 1], "texture": "#2"},
				"down": {"uv": [15, 1.5, 11.5, 2], "texture": "#2"}
			}
		},
		{
			"name": "stock",
			"from": [22, -1, 7],
			"to": [30, 2, 9],
			"rotation": {"angle": -22.5, "axis": "z", "origin": [31.5, 2.5, 8]},
			"faces": {
				"north": {"uv": [0, 3, 4, 4.5], "texture": "#2"},
				"south": {"uv": [4, 0, 8, 1.5], "texture": "#2"},
				"west": {"uv": [2, 11.5, 3, 13], "texture": "#2"},
				"up": {"uv": [11, 7, 7, 6], "texture": "#2"},
				"down": {"uv": [7, 7.5, 3, 8.5], "texture": "#2"}
			}
		},
		{
			"name": "stock",
			"from": [18, 4, 7.5],
			"to": [21, 5, 8.5],
			"rotation": {"angle": 0, "axis": "y", "origin": [31.5, 2.5, 8]},
			"faces": {
				"north": {"uv": [7.5, 14.5, 9, 15], "texture": "#2"},
				"south": {"uv": [14.5, 8.5, 16, 9], "texture": "#2"},
				"up": {"uv": [10.5, 15, 9, 14.5], "texture": "#2"},
				"down": {"uv": [16, 9, 14.5, 9.5], "texture": "#2"}
			}
		},
		{
			"name": "handle",
			"from": [17, 0, 7.5],
			"to": [19, 4, 8.5],
			"rotation": {"angle": 22.5, "axis": "z", "origin": [17, 4, 8]},
			"faces": {
				"north": {"uv": [4.5, 11, 5.5, 13], "texture": "#2"},
				"east": {"uv": [6, 13, 6.5, 15], "texture": "#2"},
				"south": {"uv": [5.5, 11, 6.5, 13], "texture": "#2"},
				"west": {"uv": [3, 13.5, 3.5, 15.5], "texture": "#2"},
				"down": {"uv": [8.5, 12, 7.5, 12.5], "texture": "#2"}
			}
		},
		{
			"name": "trigger",
			"from": [15, 2, 8],
			"to": [18, 4, 8],
			"rotation": {"angle": 0, "axis": "z", "origin": [17, 4, 8]},
			"faces": {
				"north": {"uv": [12, 10, 13.5, 11], "texture": "#2"},
				"east": {"uv": [0, 0, 0, 1], "texture": "#2"},
				"south": {"uv": [0, 12.5, 1.5, 13.5], "texture": "#2"},
				"west": {"uv": [0, 0, 0, 1], "texture": "#2"},
				"up": {"uv": [1.5, 0, 0, 0], "texture": "#2"},
				"down": {"uv": [1.5, 0, 0, 0], "texture": "#2"}
			}
		},
		{
			"name": "base",
			"from": [6, 4, 7],
			"to": [18, 6, 9],
			"rotation": {"angle": 0, "axis": "y", "origin": [31.5, 2.5, 8]},
			"faces": {
				"north": {"uv": [4, 1.5, 10, 2.5], "texture": "#2"},
				"east": {"uv": [3.5, 13.5, 4.5, 14.5], "texture": "#2"},
				"south": {"uv": [4, 2.5, 10, 3.5], "texture": "#2"},
				"west": {"uv": [6.5, 13.5, 7.5, 14.5], "texture": "#2"},
				"up": {"uv": [10, 4.5, 4, 3.5], "texture": "#2"},
				"down": {"uv": [6, 4.5, 0, 5.5], "texture": "#2"}
			}
		},
		{
			"name": "basetop",
			"from": [6, 6, 7.5],
			"to": [18, 7, 8.5],
			"rotation": {"angle": 0, "axis": "y", "origin": [31.5, 2.5, 8]},
			"faces": {
				"north": {"uv": [3, 9, 9, 9.5], "texture": "#2"},
				"east": {"uv": [8.5, 11, 9, 11.5], "texture": "#2"},
				"south": {"uv": [9, 7.5, 15, 8], "texture": "#2"},
				"west": {"uv": [12, 11, 12.5, 11.5], "texture": "#2"},
				"up": {"uv": [15, 8.5, 9, 8], "texture": "#2"}
			}
		},
		{
			"name": "pullbolt",
			"from": [16.5, 6, 7.5],
			"to": [18.5, 7, 8.5],
			"rotation": {"angle": -45, "axis": "x", "origin": [18, 6.5, 8]},
			"faces": {
				"north": {"uv": [15, 3.5, 16, 4], "texture": "#2"},
				"east": {"uv": [2.5, 15.5, 3, 16], "texture": "#2"},
				"south": {"uv": [15, 9.5, 16, 10], "texture": "#2"},
				"up": {"uv": [16, 12.5, 15, 12], "texture": "#2"},
				"down": {"uv": [13.5, 15, 12.5, 15.5], "texture": "#2"}
			}
		},
		{
			"name": "pull",
			"from": [16.5, 6, 4.5],
			"to": [17.5, 7, 7.5],
			"rotation": {"angle": -45, "axis": "x", "origin": [18, 6.5, 8]},
			"faces": {
				"east": {"uv": [14.5, 10.5, 16, 11], "texture": "#2"},
				"west": {"uv": [14.5, 13, 16, 13.5], "texture": "#2"},
				"up": {"uv": [15, 15, 14.5, 13.5], "texture": "#2"},
				"down": {"uv": [15.5, 1, 15, 2.5], "texture": "#2"}
			}
		},
		{
			"name": "pullball",
			"from": [16, 5.5, 2.5],
			"to": [18, 7.5, 4.5],
			"rotation": {"angle": -45, "axis": "x", "origin": [18, 6.5, 8]},
			"faces": {
				"north": {"uv": [12.5, 14, 13.5, 15], "texture": "#2"},
				"east": {"uv": [13.5, 14, 14.5, 15], "texture": "#2"},
				"south": {"uv": [0, 14.5, 1, 15.5], "texture": "#2"},
				"west": {"uv": [3.5, 14.5, 4.5, 15.5], "texture": "#2"},
				"up": {"uv": [15.5, 7, 14.5, 6], "texture": "#2"},
				"down": {"uv": [7.5, 14.5, 6.5, 15.5], "texture": "#2"}
			}
		},
		{
			"name": "scope",
			"from": [11, 8, 7.5],
			"to": [18, 9, 8.5],
			"rotation": {"angle": 45, "axis": "x", "origin": [14.5, 8.5, 8]},
			"faces": {
				"north": {"uv": [11.5, 2, 15, 2.5], "texture": "#2"},
				"south": {"uv": [11.5, 2.5, 15, 3], "texture": "#2"},
				"up": {"uv": [15, 3.5, 11.5, 3], "texture": "#2"},
				"down": {"uv": [15, 3.5, 11.5, 4], "texture": "#2"}
			}
		},
		{
			"name": "scopeview",
			"from": [18, 7.5, 7],
			"to": [21, 9.5, 9],
			"rotation": {"angle": -45, "axis": "x", "origin": [19.5, 8.5, 8]},
			"faces": {
				"north": {"uv": [3, 12.5, 4.5, 13.5], "texture": "#2"},
				"east": {"uv": [7.5, 13.5, 8.5, 14.5], "texture": "#2"},
				"south": {"uv": [7.5, 12.5, 9, 13.5], "texture": "#2"},
				"west": {"uv": [8.5, 13.5, 9.5, 14.5], "texture": "#2"},
				"up": {"uv": [10.5, 13.5, 9, 12.5], "texture": "#2"},
				"down": {"uv": [14, 11, 12.5, 12], "texture": "#2"}
			}
		},
		{
			"name": "scopeviewcap",
			"from": [21, 9.5, 9],
			"to": [21, 11.5, 11],
			"rotation": {"angle": -45, "axis": "x", "origin": [8.5, 8.5, 8]},
			"faces": {
				"north": {"uv": [0, 0, 0, 1], "texture": "#2"},
				"east": {"uv": [10.5, 14, 11.5, 15], "texture": "#2"},
				"south": {"uv": [0, 0, 0, 1], "texture": "#2"},
				"west": {"uv": [14, 11, 15, 12], "texture": "#2"},
				"up": {"uv": [0, 1, 0, 0], "texture": "#2"},
				"down": {"uv": [0, 0, 0, 1], "texture": "#2"}
			}
		},
		{
			"name": "scopelens",
			"from": [9, 7.5, 7],
			"to": [11, 9.5, 9],
			"rotation": {"angle": -45, "axis": "x", "origin": [8.5, 8.5, 8]},
			"faces": {
				"north": {"uv": [9.5, 13.5, 10.5, 14.5], "texture": "#2"},
				"east": {"uv": [13.5, 10, 14.5, 11], "texture": "#2"},
				"south": {"uv": [13.5, 13, 14.5, 14], "texture": "#2"},
				"up": {"uv": [2.5, 15, 1.5, 14], "texture": "#2"},
				"down": {"uv": [5.5, 14, 4.5, 15], "texture": "#2"}
			}
		},
		{
			"name": "scopelensend",
			"from": [5, 7, 6.5],
			"to": [9, 10, 9.5],
			"rotation": {"angle": -45, "axis": "x", "origin": [8.5, 8.5, 8]},
			"faces": {
				"north": {"uv": [9, 8.5, 11, 10], "texture": "#2"},
				"east": {"uv": [0, 10, 1.5, 11.5], "texture": "#2"},
				"south": {"uv": [3, 9.5, 5, 11], "texture": "#2"},
				"west": {"uv": [10, 0, 11.5, 1.5], "texture": "#2"},
				"up": {"uv": [7, 11, 5, 9.5], "texture": "#2"},
				"down": {"uv": [9, 9.5, 7, 11], "texture": "#2"}
			}
		},
		{
			"name": "scopelenscap",
			"from": [5, 10, 9.5],
			"to": [5, 13, 12.5],
			"rotation": {"angle": -45, "axis": "x", "origin": [8.5, 8.5, 8]},
			"faces": {
				"north": {"uv": [0, 0, 0, 1.5], "texture": "#2"},
				"east": {"uv": [1.5, 10, 3, 11.5], "texture": "#2"},
				"south": {"uv": [0, 0, 0, 1.5], "texture": "#2"},
				"west": {"uv": [10, 1.5, 11.5, 3], "texture": "#2"},
				"up": {"uv": [0, 1.5, 0, 0], "texture": "#2"},
				"down": {"uv": [0, 0, 0, 1.5], "texture": "#2"}
			}
		},
		{
			"name": "scopefocus",
			"from": [14, 8, 7],
			"to": [15, 9, 9],
			"rotation": {"angle": 0, "axis": "y", "origin": [31.5, 2.5, 8]},
			"faces": {
				"north": {"uv": [1.5, 12.5, 2, 13], "texture": "#2"},
				"east": {"uv": [15, 2.5, 16, 3], "texture": "#2"},
				"south": {"uv": [15, 12.5, 15.5, 13], "texture": "#2"},
				"west": {"uv": [15, 3, 16, 3.5], "texture": "#2"},
				"up": {"uv": [5, 16, 4.5, 15], "texture": "#2"},
				"down": {"uv": [15.5, 4.5, 15, 5.5], "texture": "#2"}
			}
		},
		{
			"name": "scopefocusknob",
			"from": [14, 8.5, 7.5],
			"to": [15, 9.5, 8.5],
			"rotation": {"angle": 45, "axis": "y", "origin": [14.5, 9, 8]},
			"faces": {
				"north": {"uv": [13.5, 15, 14, 15.5], "texture": "#2"},
				"east": {"uv": [15, 13.5, 15.5, 14], "texture": "#2"},
				"south": {"uv": [14, 15, 14.5, 15.5], "texture": "#2"},
				"west": {"uv": [15, 14, 15.5, 14.5], "texture": "#2"},
				"up": {"uv": [15, 15.5, 14.5, 15], "texture": "#2"}
			}
		},
		{
			"name": "scopemount",
			"from": [12, 7, 7.5],
			"to": [13, 9, 8.5],
			"rotation": {"angle": 0, "axis": "y", "origin": [31.5, 2.5, 8]},
			"faces": {
				"north": {"uv": [5, 15, 5.5, 16], "texture": "#2"},
				"east": {"uv": [6, 15, 6.5, 16], "texture": "#2"},
				"south": {"uv": [7.5, 15, 8, 16], "texture": "#2"},
				"west": {"uv": [15, 7.5, 15.5, 8.5], "texture": "#2"},
				"up": {"uv": [15.5, 15, 15, 14.5], "texture": "#2"}
			}
		},
		{
			"name": "scopemount",
			"from": [16, 7, 7.5],
			"to": [17, 9, 8.5],
			"rotation": {"angle": 0, "axis": "y", "origin": [31.5, 2.5, 8]},
			"faces": {
				"north": {"uv": [8, 15, 8.5, 16], "texture": "#2"},
				"east": {"uv": [8.5, 15, 9, 16], "texture": "#2"},
				"south": {"uv": [9, 15, 9.5, 16], "texture": "#2"},
				"west": {"uv": [9.5, 15, 10, 16], "texture": "#2"},
				"up": {"uv": [15.5, 15.5, 15, 15], "texture": "#2"}
			}
		},
		{
			"name": "cartrige",
			"from": [10, 2, 7.5],
			"to": [13, 4, 8.5],
			"rotation": {"angle": 0, "axis": "y", "origin": [25, 0, 16.5]},
			"faces": {
				"north": {"uv": [8.5, 11.5, 10, 12.5], "texture": "#2"},
				"east": {"uv": [1.5, 15, 2, 16], "texture": "#2"},
				"south": {"uv": [10, 11.5, 11.5, 12.5], "texture": "#2"},
				"west": {"uv": [2, 15, 2.5, 16], "texture": "#2"},
				"down": {"uv": [16, 10, 14.5, 10.5], "texture": "#2"}
			}
		},
		{
			"name": "cartrige",
			"from": [13, 1, 7.5],
			"to": [15, 4, 8.5],
			"rotation": {"angle": 0, "axis": "y", "origin": [25, 0, 16.5]},
			"faces": {
				"north": {"uv": [11.5, 11.5, 12.5, 13], "texture": "#2"},
				"east": {"uv": [5.5, 14, 6, 15.5], "texture": "#2"},
				"south": {"uv": [6.5, 12, 7.5, 13.5], "texture": "#2"},
				"west": {"uv": [1, 14.5, 1.5, 16], "texture": "#2"},
				"down": {"uv": [11.5, 12.5, 10.5, 13], "texture": "#2"}
			}
		},
		{
			"name": "hookthingy",
			"from": [2, 6, 9],
			"to": [3, 6, 11],
			"rotation": {"angle": 45, "axis": "x", "origin": [2.5, 6.5, 9]},
			"faces": {
				"north": {"uv": [0, 0, 0.5, 0], "texture": "#2"},
				"east": {"uv": [0, 0, 1, 0], "texture": "#2"},
				"south": {"uv": [0, 0, 0.5, 0], "texture": "#2"},
				"west": {"uv": [0, 0, 1, 0], "texture": "#2"},
				"up": {"uv": [10.5, 16, 10, 15], "texture": "#2"},
				"down": {"uv": [11, 15, 10.5, 16], "texture": "#2"}
			}
		},
		{
			"name": "hookthingy2",
			"from": [2, 5.5, 11],
			"to": [6, 6.5, 12],
			"rotation": {"angle": 45, "axis": "x", "origin": [2.5, 6.5, 9]},
			"faces": {
				"north": {"uv": [11.5, 4, 13.5, 4.5], "texture": "#2"},
				"east": {"uv": [0, 15.5, 0.5, 16], "texture": "#2"},
				"south": {"uv": [12, 7, 14, 7.5], "texture": "#2"},
				"west": {"uv": [15.5, 0, 16, 0.5], "texture": "#2"},
				"up": {"uv": [15.5, 4.5, 13.5, 4], "texture": "#2"},
				"down": {"uv": [16, 7, 14, 7.5], "texture": "#2"}
			}
		},
		{
			"name": "standbaser",
			"from": [6, 4, 5],
			"to": [7, 4, 7],
			"rotation": {"angle": -45, "axis": "x", "origin": [6.5, 4, 7]},
			"faces": {
				"north": {"uv": [0, 0, 0.5, 0], "texture": "#2"},
				"east": {"uv": [0, 0, 1, 0], "texture": "#2"},
				"south": {"uv": [0, 0, 0.5, 0], "texture": "#2"},
				"west": {"uv": [0, 0, 1, 0], "texture": "#2"},
				"up": {"uv": [11.5, 16, 11, 15], "texture": "#2"},
				"down": {"uv": [15.5, 11, 15, 12], "texture": "#2"}
			}
		},
		{
			"name": "standr",
			"from": [-2, 4, 5],
			"to": [6, 4, 6],
			"rotation": {"angle": -45, "axis": "x", "origin": [6.5, 4, 7]},
			"faces": {
				"north": {"uv": [0, 0, 4, 0], "texture": "#2"},
				"east": {"uv": [0, 0, 0.5, 0], "texture": "#2"},
				"south": {"uv": [0, 0, 4, 0], "texture": "#2"},
				"west": {"uv": [0, 0, 0.5, 0], "texture": "#2"},
				"up": {"uv": [7, 9, 3, 8.5], "texture": "#2"},
				"down": {"uv": [15, 9.5, 11, 10], "texture": "#2"}
			}
		},
		{
			"name": "standfootr",
			"from": [-2, 4, 5],
			"to": [-2, 5, 6],
			"rotation": {"angle": -45, "axis": "x", "origin": [4.5, 4, 7]},
			"faces": {
				"north": {"uv": [0, 0, 0, 0.5], "texture": "#2"},
				"east": {"uv": [0.5, 15.5, 1, 16], "texture": "#2"},
				"south": {"uv": [0, 0, 0, 0.5], "texture": "#2"},
				"west": {"uv": [15.5, 0.5, 16, 1], "texture": "#2"},
				"up": {"uv": [0, 0.5, 0, 0], "texture": "#2"},
				"down": {"uv": [0, 0, 0, 0.5], "texture": "#2"}
			}
		},
		{
			"name": "standl",
			"from": [-2, 4, 10],
			"to": [6, 4, 11],
			"rotation": {"angle": 45, "axis": "x", "origin": [6.5, 4, 9]},
			"faces": {
				"north": {"uv": [0, 0, 4, 0], "texture": "#2"},
				"east": {"uv": [0, 0, 0.5, 0], "texture": "#2"},
				"south": {"uv": [0, 0, 4, 0], "texture": "#2"},
				"west": {"uv": [0, 0, 0.5, 0], "texture": "#2"},
				"up": {"uv": [15.5, 0.5, 11.5, 0], "texture": "#2"},
				"down": {"uv": [15.5, 0.5, 11.5, 1], "texture": "#2"}
			}
		},
		{
			"name": "standbasel",
			"from": [6, 4, 9],
			"to": [7, 4, 11],
			"rotation": {"angle": 45, "axis": "x", "origin": [6.5, 4, 9]},
			"faces": {
				"north": {"uv": [0, 0, 0.5, 0], "texture": "#2"},
				"east": {"uv": [0, 0, 1, 0], "texture": "#2"},
				"south": {"uv": [0, 0, 0.5, 0], "texture": "#2"},
				"west": {"uv": [0, 0, 1, 0], "texture": "#2"},
				"up": {"uv": [12, 16, 11.5, 15], "texture": "#2"},
				"down": {"uv": [12.5, 15, 12, 16], "texture": "#2"}
			}
		},
		{
			"name": "standfootl",
			"from": [-2, 4, 10],
			"to": [-2, 5, 11],
			"rotation": {"angle": 45, "axis": "x", "origin": [4.5, 4, 9]},
			"faces": {
				"north": {"uv": [0, 0, 0, 0.5], "texture": "#2"},
				"east": {"uv": [15.5, 1, 16, 1.5], "texture": "#2"},
				"south": {"uv": [0, 0, 0, 0.5], "texture": "#2"},
				"west": {"uv": [15.5, 1.5, 16, 2], "texture": "#2"},
				"up": {"uv": [0, 0.5, 0, 0], "texture": "#2"},
				"down": {"uv": [0, 0, 0, 0.5], "texture": "#2"}
			}
		},
		{
			"name": "barrelbase",
			"from": [2, 4.5, 7],
			"to": [6, 6.5, 9],
			"rotation": {"angle": 0, "axis": "y", "origin": [31.5, 2.5, 8]},
			"faces": {
				"north": {"uv": [11, 6, 13, 7], "texture": "#2"},
				"east": {"uv": [11.5, 14, 12.5, 15], "texture": "#2"},
				"south": {"uv": [6.5, 11, 8.5, 12], "texture": "#2"},
				"west": {"uv": [14, 12, 15, 13], "texture": "#2"},
				"up": {"uv": [13, 9.5, 11, 8.5], "texture": "#2"},
				"down": {"uv": [2, 11.5, 0, 12.5], "texture": "#2"}
			}
		},
		{
			"name": "barrel",
			"from": [-16, 5, 7.5],
			"to": [2, 6, 8.5],
			"rotation": {"angle": 45, "axis": "x", "origin": [0, 5.5, 8]},
			"faces": {
				"north": {"uv": [6, 4.5, 15, 5], "texture": "#2"},
				"south": {"uv": [6, 5, 15, 5.5], "texture": "#2"},
				"west": {"uv": [15.5, 2, 16, 2.5], "texture": "#2"},
				"up": {"uv": [12, 7.5, 3, 7], "texture": "#2"},
				"down": {"uv": [16, 5.5, 7, 6], "texture": "#2"}
			}
		},
		{
			"name": "barrelend",
			"from": [-15.975, 4.5, 6.5],
			"to": [-12.975, 6.5, 9.5],
			"rotation": {"angle": 0, "axis": "x", "origin": [0, 5.5, 8]},
			"faces": {
				"north": {"uv": [12.5, 12, 14, 13], "texture": "#2"},
				"east": {"uv": [1.5, 13, 3, 14], "texture": "#2"},
				"south": {"uv": [4.5, 13, 6, 14], "texture": "#2"},
				"west": {"uv": [13, 6, 14.5, 7], "texture": "#2"},
				"up": {"uv": [11.5, 4.5, 10, 3], "texture": "#2"},
				"down": {"uv": [10.5, 10, 9, 11.5], "texture": "#2"}
			}
		},
		{
			"name": "barrelend inverted",
			"from": [-12.975, 6.5, 9.5],
			"to": [-15.975, 4.5, 6.5],
			"rotation": {"angle": 0, "axis": "x", "origin": [0, 5.5, 8]},
			"faces": {
				"north": {"uv": [13, 8.5, 14.5, 9.5], "texture": "#2"},
				"east": {"uv": [10.5, 13, 12, 14], "texture": "#2"},
				"south": {"uv": [12, 13, 13.5, 14], "texture": "#2"},
				"west": {"uv": [0, 13.5, 1.5, 14.5], "texture": "#2"},
				"up": {"uv": [12, 11.5, 10.5, 10], "texture": "#2"},
				"down": {"uv": [4.5, 11, 3, 12.5], "texture": "#2"}
			}
		}
	],
	"display": {
		"thirdperson_righthand": {
			"rotation": [0, -90, 0],
			"translation": [0, 2.5, -4.5],
			"scale": [0.6, 0.6, 0.6]
		},
		"thirdperson_lefthand": {
			"rotation": [0, 90, 0],
			"translation": [0, 2.5, -4.5],
			"scale": [0.6, 0.6, 0.6]
		},
		"firstperson_righthand": {
			"rotation": [0, -100, 0],
			"translation": [6, 4, -9.25]
		},
		"firstperson_lefthand": {
			"rotation": [0, 80, 0],
			"translation": [6, 4, -9.25]
		},
		"ground": {
			"translation": [0, 2, 0],
			"scale": [0.5, 0.5, 0.5]
		},
		"gui": {
			"rotation": [30, -135, -15],
			"translation": [0, 2, 0],
			"scale": [0.5, 0.5, 0.5]
		},
		"head": {
			"rotation": [0, -90, 0]
		}
	}
}