{
	"music.wave.1.1": {
		"sounds": [
			{
				"name": "necro:undead_1_1",
				"volume": 1.2,
				"pitch": 1,
				"weight": 1
			}
		]
	},
	"music.wave.1.2": {
		"sounds": [
			{
				"name": "necro:undead_1_2",
				"volume": 1.2,
				"pitch": 1,
				"weight": 1
			}
		]
	},
	"music.wave.1.3": {
		"sounds": [
			{
				"name": "necro:undead_1_3",
				"volume": 1.2,
				"pitch": 1,
				"weight": 1
			}
		]
	},
	"music.wave.1.4": {
		"sounds": [
			{
				"name": "necro:undead_1_4",
				"volume": 1.2,
				"pitch": 1,
				"weight": 1
			}
		]
	},
	"music.wave.2.1": {
		"sounds": [
			{
				"name": "necro:undead_2_1",
				"volume": 1.2,
				"pitch": 1,
				"weight": 1
			}
		]
	},
	"music.wave.2.2": {
		"sounds": [
			{
				"name": "necro:undead_2_2",
				"volume": 1.2,
				"pitch": 1,
				"weight": 1
			}
		]
	},
	"music.wave.2.3": {
		"sounds": [
			{
				"name": "necro:undead_2_3",
				"volume": 1.2,
				"pitch": 1,
				"weight": 1
			}
		]
	},
	"music.wave.2.4": {
		"sounds": [
			{
				"name": "necro:undead_2_4",
				"volume": 1.2,
				"pitch": 1,
				"weight": 1
			}
		]
	},
	"music.wave.3.1": {
		"sounds": [
			{
				"name": "necro:undead_3_1",
				"volume": 1.2,
				"pitch": 1,
				"weight": 1
			}
		]
	},
	"music.wave.3.2": {
		"sounds": [
			{
				"name": "necro:undead_3_2",
				"volume": 1.2,
				"pitch": 1,
				"weight": 1
			}
		]
	},
	"music.wave.3.3": {
		"sounds": [
			{
				"name": "necro:undead_3_3",
				"volume": 1.2,
				"pitch": 1,
				"weight": 1
			}
		]
	},
	"music.wave.3.4": {
		"sounds": [
			{
				"name": "necro:undead_3_4",
				"volume": 1.2,
				"pitch": 1,
				"weight": 1
			}
		]
	},
	"music.wave.4.1": {
		"sounds": [
			{
				"name": "necro:undead_4_1",
				"volume": 1.2,
				"pitch": 1,
				"weight": 1
			}
		]
	},
	"music.wave.4.2": {
		"sounds": [
			{
				"name": "necro:undead_4_2",
				"volume": 1.2,
				"pitch": 1,
				"weight": 1
			}
		]
	},
	"music.wave.4.3": {
		"sounds": [
			{
				"name": "necro:undead_4_3",
				"volume": 1.2,
				"pitch": 1,
				"weight": 1
			}
		]
	},
	"music.wave.4.4": {
		"sounds": [
			{
				"name": "necro:undead_4_4",
				"volume": 1.2,
				"pitch": 1,
				"weight": 1
			}
		]
	},
	"music.wave.5.1": {
		"sounds": [
			{
				"name": "necro:undead_5_1",
				"volume": 1.2,
				"pitch": 1,
				"weight": 1
			}
		]
	},
	"music.wave.5.2": {
		"sounds": [
			{
				"name": "necro:undead_5_2",
				"volume": 1.2,
				"pitch": 1,
				"weight": 1
			}
		]
	},
	"music.wave.5.3": {
		"sounds": [
			{
				"name": "necro:undead_5_3",
				"volume": 1.2,
				"pitch": 1,
				"weight": 1
			}
		]
	},
	"music.wave.5.4": {
		"sounds": [
			{
				"name": "necro:undead_5_4",
				"volume": 1.2,
				"pitch": 1,
				"weight": 1
			}
		]
	},
	"music.wave.6.1": {
		"sounds": [
			{
				"name": "necro:undead_6_1",
				"volume": 1.2,
				"pitch": 1,
				"weight": 1
			}
		]
	},
	"music.wave.6.2": {
		"sounds": [
			{
				"name": "necro:undead_6_2",
				"volume": 1.2,
				"pitch": 1,
				"weight": 1
			}
		]
	},
	"music.wave.6.3": {
		"sounds": [
			{
				"name": "necro:undead_6_3",
				"volume": 1.2,
				"pitch": 1,
				"weight": 1
			}
		]
	},
	"music.wave.6.4": {
		"sounds": [
			{
				"name": "necro:undead_6_4",
				"volume": 1.2,
				"pitch": 1,
				"weight": 1
			}
		]
	},
	"music.transition": {
		"sounds": [
			{
				"name": "necro:transition",
				"volume": 1,
				"pitch": 1,
				"weight": 1
			}
		]
	},
	"music.final_transition": {
		"sounds": [
			{
				"name": "necro:final_transition",
				"volume": 1,
				"pitch": 1,
				"weight": 1
			}
		]
	},
	"music.final": {
		"sounds": [
			{
				"name": "necro:final",
				"volume": 1,
				"pitch": 1,
				"weight": 1
			}
		]
	},
	"music.final2": {
		"sounds": [
			{
				"name": "necro:final2",
				"volume": 1,
				"pitch": 1,
				"weight": 1
			}
		]
	}
}