{
	"credit": "Made with Blockbench",
	"texture_size": [64, 64],
	"textures": {
		"1": "mono:item/ancient_shield",
		"particle": "mono:item/ancient_shield"
	},
	"elements": [
		{
			"from": [-7, -11, 1],
			"to": [8, 11, 2],
			"rotation": {"angle": 0, "axis": "y", "origin": [8, -11, 2]},
			"faces": {
				"north": {"uv": [3.75, 0, 7.5, 5.5], "texture": "#1"},
				"east": {"uv": [3.25, 5.5, 3.5, 11], "texture": "#1"},
				"south": {"uv": [0, 0, 3.75, 5.5], "texture": "#1"},
				"west": {"uv": [3, 5.5, 3.25, 11], "texture": "#1"},
				"up": {"uv": [7.25, 5.75, 3.5, 5.5], "rotation": 180, "texture": "#1"},
				"down": {"uv": [7.25, 5.75, 3.5, 6], "rotation": 180, "texture": "#1"}
			}
		},
		{
			"from": [-0.7, -3, -5],
			"to": [1.3, 3, 1],
			"rotation": {"angle": 0, "axis": "y", "origin": [8, -11, 2]},
			"faces": {
				"north": {"uv": [4, 6, 4.5, 7.5], "texture": "#1"},
				"east": {"uv": [1.5, 5.5, 3, 7], "texture": "#1"},
				"south": {"uv": [3.5, 6, 4, 7.5], "texture": "#1"},
				"west": {"uv": [0, 5.5, 1.5, 7], "texture": "#1"},
				"up": {"uv": [5, 7.5, 4.5, 6], "rotation": 180, "texture": "#1"},
				"down": {"uv": [5.5, 6, 5, 7.5], "rotation": 180, "texture": "#1"}
			}
		}
	],
    "display": {
        "thirdperson_righthand": {
            "rotation": [ 45, 135, 0 ],
            "translation": [ 3.51, 11, -2 ],
            "scale": [ 1, 1, 1 ]
        },
        "thirdperson_lefthand": {
            "rotation": [ 45, 135, 0 ],
            "translation": [ 13.51, 3, 5 ],
            "scale": [ 1, 1, 1 ]
        },
        "firstperson_righthand": {
            "rotation": [ 0, 180, -5 ],
            "translation": [ -15, 5, -11 ],
            "scale": [ 1.25, 1.25, 1.25 ]
        },
        "firstperson_lefthand": {
            "rotation": [ 0, 180, -5 ],
            "translation": [ 5, 5, -11 ],
            "scale": [ 1.25, 1.25, 1.25 ]
        },
        "gui": {
            "rotation": [ 15, -25, -5 ],
            "translation": [ 2, 3, 0 ],
            "scale": [ 0.65, 0.65, 0.65 ]
        }
    }
}